user_id,item_id,interaction_type,timestamp,interaction
46,50,like,2023-06-25,1
9,32,save,2023-04-02,1
22,35,contact,2023-11-21,1
18,4,view,2023-05-22,1
94,87,like,2023-12-09,1
29,47,view,2023-05-14,1
41,52,contact,2023-01-01,1
1,15,contact,2023-07-25,1
58,60,save,2023-02-28,1
11,81,contact,2023-01-07,1
19,49,save,2023-06-09,1
47,58,save,2023-03-30,1
91,31,contact,2023-06-14,1
26,3,like,2023-11-08,1
89,57,like,2023-01-03,1
45,55,view,2023-11-08,1
33,72,view,2023-06-27,1
94,19,like,2023-08-15,1
74,71,contact,2023-01-15,1
40,65,view,2023-02-27,1
43,98,like,2023-07-28,1
85,79,like,2023-12-01,1
46,78,like,2023-06-14,1
26,36,view,2023-06-01,1
8,87,view,2023-08-06,1
36,40,like,2023-10-23,1
92,54,save,2023-11-29,1
27,53,like,2023-02-04,1
25,49,view,2023-07-16,1
19,2,like,2023-06-18,1
86,65,view,2023-11-26,1
97,40,save,2023-03-05,1
76,92,like,2023-10-15,1
22,89,save,2023-04-05,1
42,74,like,2023-12-20,1
65,99,like,2023-04-22,1
48,18,view,2023-08-02,1
58,45,like,2023-09-27,1
81,40,save,2023-03-28,1
75,36,view,2023-02-08,1
25,100,save,2023-08-13,1
44,21,view,2023-06-08,1
53,9,like,2023-01-24,1
50,65,like,2023-06-01,1
2,9,view,2023-06-02,1
49,13,view,2023-08-29,1
62,4,view,2023-05-21,1
73,7,like,2023-06-26,1
78,2,like,2023-02-22,1
65,59,like,2023-11-06,1
74,59,view,2023-10-11,1
42,54,save,2023-09-12,1
18,76,like,2023-09-12,1
87,60,contact,2023-05-19,1
89,28,like,2023-08-19,1
29,14,save,2023-07-17,1
20,33,contact,2023-06-26,1
53,18,like,2023-03-30,1
63,49,like,2023-12-21,1
59,86,save,2023-10-28,1
3,7,save,2023-08-31,1
90,50,like,2023-09-25,1
2,58,save,2023-04-26,1
2,72,contact,2023-09-20,1
40,50,save,2023-03-20,1
32,45,save,2023-12-22,1
95,53,view,2023-06-26,1
89,99,contact,2023-10-10,1
64,78,view,2023-08-03,1
4,42,like,2023-10-16,1
54,4,save,2023-09-10,1
21,22,save,2023-07-28,1
99,82,contact,2023-06-18,1
13,69,save,2023-06-17,1
39,89,save,2023-09-04,1
38,9,save,2023-09-09,1
36,32,view,2023-09-12,1
51,71,contact,2023-02-09,1
25,90,like,2023-03-21,1
18,2,save,2023-04-30,1
38,72,contact,2023-07-24,1
80,3,view,2023-12-21,1
13,73,like,2023-05-15,1
79,98,like,2023-04-14,1
62,26,view,2023-04-20,1
92,31,contact,2023-07-02,1
98,55,contact,2023-04-01,1
11,78,contact,2023-08-16,1
49,10,save,2023-05-06,1
19,17,like,2023-10-17,1
2,8,contact,2023-01-27,1
66,16,contact,2023-03-13,1
98,16,like,2023-02-03,1
47,99,contact,2023-12-03,1
76,39,contact,2023-04-14,1
97,49,view,2023-09-12,1
78,75,contact,2023-08-25,1
70,75,view,2023-07-29,1
45,48,save,2023-02-07,1
95,29,save,2023-06-01,1
83,51,contact,2023-04-29,1
98,34,like,2023-06-15,1
73,33,like,2023-12-16,1
41,39,like,2023-04-01,1
63,84,save,2023-07-27,1
83,7,like,2023-12-27,1
45,38,save,2023-04-30,1
25,49,like,2023-04-19,1
83,37,save,2023-06-04,1
37,89,save,2023-05-16,1
6,72,save,2023-04-29,1
14,49,view,2023-03-18,1
37,47,view,2023-03-25,1
90,86,contact,2023-01-23,1
6,41,view,2023-12-23,1
8,98,like,2023-04-07,1
17,99,save,2023-11-29,1
68,62,contact,2023-03-23,1
63,96,like,2023-04-01,1
17,94,contact,2023-06-24,1
52,98,contact,2023-07-11,1
41,2,view,2023-03-10,1
44,84,like,2023-02-26,1
43,33,view,2023-04-20,1
27,81,view,2023-08-16,1
77,85,like,2023-02-07,1
74,28,contact,2023-07-11,1
54,7,save,2023-04-26,1
41,34,contact,2023-09-14,1
9,48,view,2023-04-19,1
39,23,save,2023-12-06,1
37,86,save,2023-05-08,1
35,44,save,2023-01-28,1
72,17,view,2023-01-26,1
39,40,like,2023-04-20,1
46,61,like,2023-03-28,1
74,25,save,2023-10-09,1
87,17,contact,2023-07-21,1
60,63,contact,2023-03-05,1
26,58,like,2023-06-02,1
3,25,contact,2023-07-09,1
56,96,like,2023-08-12,1
43,11,view,2023-12-27,1
11,88,contact,2023-07-19,1
69,20,save,2023-10-31,1
89,73,like,2023-07-25,1
58,59,contact,2023-07-20,1
84,2,like,2023-07-15,1
11,3,save,2023-10-15,1
85,86,save,2023-10-09,1
15,70,contact,2023-02-05,1
74,71,view,2023-10-30,1
85,45,save,2023-11-09,1
90,85,like,2023-04-24,1
10,33,like,2023-04-06,1
80,20,contact,2023-11-10,1
26,39,contact,2023-01-05,1
72,20,view,2023-04-16,1
88,18,like,2023-05-08,1
41,12,save,2023-11-13,1
96,58,view,2023-06-21,1
28,71,view,2023-04-11,1
56,14,like,2023-06-25,1
40,40,save,2023-12-06,1
25,50,like,2023-11-12,1
10,3,contact,2023-03-03,1
22,83,save,2023-08-05,1
4,76,view,2023-07-26,1
13,81,contact,2023-12-11,1
2,38,save,2023-11-22,1
4,22,view,2023-06-01,1
80,11,contact,2023-01-21,1
10,62,save,2023-03-20,1
72,77,view,2023-12-24,1
41,9,save,2023-06-23,1
99,22,like,2023-03-11,1
60,77,like,2023-09-19,1
43,25,contact,2023-03-01,1
68,50,save,2023-01-15,1
37,82,contact,2023-10-10,1
13,81,like,2023-09-29,1
3,9,view,2023-11-06,1
17,64,contact,2023-11-23,1
18,27,save,2023-09-07,1
56,60,like,2023-07-19,1
55,22,like,2023-04-24,1
33,38,contact,2023-10-29,1
55,8,contact,2023-09-16,1
44,83,contact,2023-02-22,1
13,21,save,2023-05-29,1
6,29,save,2023-10-01,1
99,4,contact,2023-12-20,1
10,35,like,2023-11-17,1
56,72,view,2023-11-20,1
19,85,save,2023-05-14,1
88,11,like,2023-12-01,1
24,5,like,2023-01-22,1
66,43,like,2023-04-01,1
14,1,contact,2023-10-02,1
16,35,contact,2023-10-09,1
71,38,like,2023-04-05,1
83,68,view,2023-07-20,1
75,30,contact,2023-12-08,1
90,7,contact,2023-06-27,1
78,79,save,2023-03-19,1
55,40,contact,2023-05-06,1
33,46,like,2023-10-21,1
39,21,like,2023-11-28,1
48,48,view,2023-01-28,1
48,23,contact,2023-04-02,1
14,60,save,2023-08-31,1
11,14,contact,2023-10-28,1
66,28,view,2023-09-03,1
44,89,view,2023-02-08,1
14,74,like,2023-05-02,1
92,39,contact,2023-02-03,1
13,83,save,2023-03-29,1
35,70,like,2023-06-10,1
10,25,like,2023-07-14,1
63,35,contact,2023-03-07,1
42,27,view,2023-05-13,1
42,79,contact,2023-10-06,1
45,80,save,2023-03-20,1
48,64,contact,2023-03-23,1
39,12,save,2023-12-14,1
19,2,contact,2023-04-09,1
66,79,contact,2023-03-15,1
68,64,like,2023-06-16,1
100,13,view,2023-01-02,1
88,14,view,2023-12-12,1
30,54,view,2023-10-17,1
40,92,contact,2023-04-26,1
70,43,contact,2023-01-22,1
16,41,contact,2023-05-30,1
36,92,save,2023-02-27,1
98,9,save,2023-11-29,1
66,53,contact,2023-09-05,1
56,63,contact,2023-01-08,1
27,72,view,2023-10-20,1
46,72,save,2023-05-19,1
39,74,save,2023-05-31,1
20,70,view,2023-12-24,1
38,27,contact,2023-11-21,1
44,97,like,2023-08-03,1
50,77,save,2023-05-12,1
38,4,view,2023-11-21,1
32,72,save,2023-08-01,1
71,99,view,2023-04-09,1
42,38,contact,2023-04-08,1
48,97,view,2023-05-08,1
75,63,view,2023-02-08,1
64,6,view,2023-02-14,1
34,49,contact,2023-01-05,1
57,11,save,2023-07-16,1
76,11,like,2023-06-04,1
28,22,like,2023-07-04,1
83,91,contact,2023-03-26,1
30,50,view,2023-04-20,1
54,2,like,2023-01-20,1
38,96,save,2023-12-20,1
27,40,view,2023-02-03,1
95,5,save,2023-09-10,1
80,60,save,2023-08-06,1
4,98,contact,2023-04-11,1
60,86,like,2023-06-18,1
87,32,save,2023-12-02,1
87,12,view,2023-02-04,1
8,49,save,2023-06-06,1
22,64,like,2023-09-30,1
50,50,view,2023-06-23,1
3,54,like,2023-12-20,1
78,87,save,2023-05-24,1
65,29,like,2023-04-12,1
41,28,like,2023-03-02,1
94,21,contact,2023-05-20,1
86,83,view,2023-05-07,1
50,52,like,2023-07-13,1
77,72,contact,2023-11-26,1
46,96,contact,2023-08-12,1
44,36,like,2023-07-04,1
26,42,save,2023-10-03,1
20,62,contact,2023-10-18,1
88,32,save,2023-08-22,1
9,70,save,2023-01-17,1
98,15,view,2023-01-30,1
20,50,contact,2023-01-19,1
53,58,like,2023-02-07,1
44,9,contact,2023-06-16,1
19,54,contact,2023-09-13,1
63,67,view,2023-09-03,1
21,18,contact,2023-07-19,1
83,8,view,2023-09-18,1
79,70,contact,2023-10-29,1
78,75,save,2023-03-10,1
87,34,view,2023-04-04,1
26,35,like,2023-02-24,1
55,31,like,2023-02-03,1
59,96,like,2023-06-18,1
33,40,view,2023-04-14,1
5,37,view,2023-10-29,1
72,28,view,2023-05-23,1
87,81,view,2023-09-09,1
47,54,view,2023-10-07,1
4,46,like,2023-10-30,1
9,49,view,2024-01-01,1
57,50,view,2023-03-02,1
63,93,contact,2023-07-19,1
24,83,like,2023-08-16,1
35,66,contact,2023-08-04,1
74,62,contact,2023-01-10,1
58,62,contact,2023-11-05,1
24,19,save,2023-08-09,1
30,34,view,2023-02-14,1
61,33,save,2023-08-26,1
35,61,save,2023-01-16,1
53,84,save,2023-09-23,1
72,55,view,2023-01-13,1
48,42,view,2023-12-28,1
47,66,view,2023-09-29,1
97,64,save,2023-06-21,1
33,4,like,2023-01-26,1
35,97,save,2023-10-23,1
46,44,save,2023-09-08,1
46,97,contact,2023-01-22,1
6,34,like,2023-08-29,1
56,81,view,2023-05-24,1
58,97,contact,2023-09-08,1
89,73,view,2023-01-03,1
46,39,view,2023-07-17,1
87,1,contact,2023-06-01,1
35,64,like,2023-04-16,1
27,87,like,2023-02-25,1
49,13,save,2023-02-24,1
7,39,save,2023-11-01,1
87,87,like,2023-09-18,1
31,45,save,2023-09-15,1
55,15,contact,2023-08-05,1
59,94,like,2023-10-18,1
63,85,like,2023-08-12,1
72,68,save,2023-09-03,1
15,87,view,2023-09-16,1
5,33,save,2023-01-23,1
55,98,contact,2023-10-21,1
53,56,contact,2023-04-06,1
18,41,contact,2023-09-08,1
58,30,like,2023-05-26,1
88,22,view,2023-02-18,1
17,45,save,2023-12-11,1
32,51,view,2023-04-30,1
89,44,view,2023-03-07,1
20,60,view,2023-10-22,1
4,52,contact,2023-09-27,1
98,95,save,2023-11-07,1
82,91,like,2023-01-02,1
20,29,contact,2023-11-04,1
31,37,save,2023-07-09,1
49,93,like,2023-06-01,1
26,41,view,2023-04-13,1
9,57,save,2023-01-23,1
60,42,save,2023-05-22,1
3,40,save,2023-09-26,1
96,64,save,2023-05-12,1
86,95,view,2023-05-08,1
37,33,save,2023-11-04,1
2,25,contact,2023-08-10,1
71,52,like,2023-06-04,1
15,53,view,2023-12-20,1
48,94,like,2023-02-26,1
38,16,view,2023-02-26,1
40,42,like,2023-09-09,1
68,5,save,2023-09-30,1
3,26,like,2023-03-25,1
41,98,contact,2023-12-28,1
41,55,like,2023-07-27,1
20,47,save,2023-07-12,1
45,65,like,2023-02-21,1
54,95,view,2023-05-05,1
15,38,view,2023-10-06,1
93,81,like,2023-02-02,1
23,31,view,2023-08-14,1
86,85,contact,2023-08-26,1
11,43,save,2023-11-22,1
49,21,view,2023-05-11,1
1,6,like,2023-12-13,1
26,36,contact,2023-01-18,1
82,27,save,2023-12-10,1
84,76,view,2023-04-19,1
59,21,save,2023-05-25,1
77,77,save,2023-12-24,1
32,16,contact,2023-08-29,1
64,84,view,2023-03-04,1
65,61,like,2023-09-27,1
77,100,like,2023-04-15,1
76,5,contact,2023-12-19,1
79,83,view,2023-04-27,1
3,24,view,2023-10-10,1
93,63,contact,2023-04-15,1
61,81,like,2023-06-03,1
94,42,save,2023-11-11,1
71,49,save,2023-06-07,1
67,100,view,2023-02-14,1
86,73,save,2023-06-08,1
52,46,contact,2023-10-09,1
6,63,save,2023-05-25,1
20,53,save,2023-07-10,1
65,28,like,2023-04-18,1
32,66,view,2023-04-16,1
49,15,like,2023-08-27,1
10,96,contact,2023-05-22,1
54,86,view,2023-03-24,1
98,92,contact,2023-12-02,1
83,15,view,2023-05-18,1
52,56,like,2023-08-06,1
49,31,view,2023-02-24,1
22,38,view,2023-07-21,1
63,6,like,2023-03-13,1
85,85,save,2023-09-02,1
96,89,view,2023-05-02,1
42,94,contact,2023-07-19,1
29,89,save,2023-02-20,1
16,70,contact,2023-10-05,1
48,34,contact,2023-01-13,1
23,45,contact,2023-10-23,1
30,42,contact,2023-02-28,1
73,20,like,2023-04-05,1
51,89,like,2023-04-05,1
23,27,like,2023-12-24,1
38,90,like,2023-03-31,1
43,42,contact,2023-10-07,1
20,18,save,2023-07-28,1
88,25,contact,2023-04-04,1
18,1,save,2023-10-11,1
19,85,contact,2023-01-05,1
59,85,like,2023-07-21,1
51,46,like,2023-08-08,1
57,11,like,2023-10-29,1
87,76,save,2023-03-25,1
99,71,like,2023-01-03,1
29,75,save,2023-02-08,1
7,36,view,2023-11-10,1
35,23,save,2023-03-28,1
81,40,contact,2023-03-06,1
28,6,like,2023-10-05,1
15,33,like,2023-04-30,1
58,92,view,2023-11-26,1
28,42,view,2023-08-18,1
40,73,like,2023-01-26,1
82,53,like,2023-06-16,1
16,99,save,2023-08-17,1
79,16,save,2023-08-16,1
36,58,view,2023-05-24,1
40,79,like,2023-09-28,1
90,63,save,2023-03-19,1
40,77,contact,2023-11-30,1
86,30,like,2023-11-14,1
62,39,view,2023-02-07,1
14,33,save,2023-02-17,1
31,8,save,2023-03-24,1
6,90,like,2023-01-24,1
66,35,like,2023-10-09,1
35,57,save,2023-07-14,1
43,85,view,2023-01-17,1
25,52,view,2023-12-20,1
15,32,like,2023-01-26,1
2,80,view,2023-04-08,1
19,5,like,2023-02-04,1
22,55,contact,2023-08-24,1
27,15,contact,2023-10-31,1
98,60,like,2023-12-14,1
77,69,save,2023-09-12,1
5,68,save,2023-05-19,1
4,95,contact,2023-08-19,1
34,80,save,2023-07-15,1
12,59,save,2023-11-08,1
87,81,like,2023-05-07,1
61,36,save,2023-11-13,1
2,30,contact,2023-09-24,1
92,75,contact,2023-02-23,1
45,12,save,2023-06-29,1
25,28,contact,2023-12-10,1
67,38,like,2023-05-14,1
36,78,like,2023-11-20,1
16,1,view,2023-06-09,1
82,40,contact,2023-07-09,1
71,11,contact,2023-01-12,1
42,95,view,2023-01-07,1
2,1,contact,2023-04-12,1
5,74,save,2023-01-27,1
19,83,like,2023-05-15,1
11,85,contact,2023-11-20,1
97,100,save,2023-12-22,1
33,25,like,2023-10-26,1
36,19,like,2023-05-07,1
72,32,view,2023-10-20,1
33,2,contact,2023-04-30,1
20,45,contact,2023-10-15,1
81,65,save,2023-10-30,1
30,85,contact,2023-07-08,1
6,95,view,2023-06-02,1
55,47,contact,2023-01-09,1
48,91,save,2023-07-24,1
83,49,save,2023-08-18,1
15,95,save,2023-08-15,1
75,36,like,2023-12-08,1
96,97,save,2023-06-21,1
95,36,save,2023-08-13,1
7,81,view,2023-07-24,1
34,15,view,2023-09-19,1
87,23,contact,2023-08-10,1
35,19,like,2023-10-29,1
59,88,view,2023-11-21,1
82,90,like,2023-10-09,1
35,60,save,2023-06-16,1
3,99,like,2023-10-29,1
46,35,contact,2023-11-24,1
66,69,contact,2023-03-22,1
9,40,like,2023-10-08,1
89,17,like,2023-03-25,1
31,6,view,2023-10-07,1
14,33,contact,2023-02-15,1
57,60,like,2023-11-24,1
11,65,save,2023-12-30,1
42,95,contact,2023-09-05,1
8,82,contact,2023-06-04,1
77,67,contact,2023-04-04,1
52,89,save,2023-01-15,1
93,13,save,2023-09-29,1
60,7,like,2023-05-16,1
84,42,contact,2023-10-26,1
60,11,save,2023-12-21,1
90,15,contact,2023-09-18,1
36,71,like,2023-04-03,1
28,93,save,2023-04-27,1
57,89,view,2023-11-04,1
18,4,view,2023-12-05,1
90,20,save,2023-12-22,1
71,23,contact,2023-03-08,1
38,71,contact,2023-08-11,1
87,14,view,2023-12-13,1
77,45,like,2023-12-09,1
3,3,like,2023-11-06,1
56,29,view,2023-09-17,1
51,45,like,2023-01-10,1
97,26,view,2023-02-24,1
15,22,contact,2023-01-06,1
24,17,view,2023-08-06,1
99,34,like,2023-05-12,1
39,88,view,2023-09-27,1
87,34,like,2023-09-02,1
21,52,view,2023-05-03,1
72,7,like,2023-01-04,1
44,64,save,2023-12-21,1
4,29,save,2023-10-14,1
85,53,like,2023-10-21,1
45,23,contact,2023-03-20,1
38,11,contact,2023-08-10,1
23,99,contact,2023-04-19,1
21,24,like,2023-12-17,1
9,93,contact,2023-05-20,1
78,50,save,2023-06-28,1
3,28,view,2023-12-19,1
2,41,contact,2023-04-21,1
18,46,save,2023-02-09,1
96,64,save,2023-05-21,1
56,60,like,2023-07-05,1
76,8,save,2023-12-03,1
2,92,save,2023-09-13,1
11,76,save,2023-01-05,1
57,50,save,2023-09-04,1
30,27,like,2023-03-08,1
82,68,save,2023-02-15,1
26,93,like,2023-01-14,1
17,5,view,2023-07-01,1
36,7,contact,2023-03-01,1
67,81,like,2023-05-14,1
28,74,contact,2023-10-17,1
20,74,save,2023-05-03,1
36,59,like,2023-11-15,1
91,66,save,2023-12-08,1
61,88,like,2023-11-20,1
11,87,like,2023-09-08,1
4,83,contact,2023-02-04,1
19,85,view,2023-01-18,1
11,81,save,2023-08-17,1
60,46,contact,2023-08-04,1
41,39,save,2023-05-24,1
94,35,view,2023-02-02,1
74,80,like,2023-05-15,1
41,86,save,2023-04-30,1
58,48,save,2023-02-20,1
24,97,view,2023-01-11,1
46,37,view,2023-03-18,1
25,74,contact,2023-01-13,1
91,50,contact,2023-05-14,1
44,65,contact,2023-12-17,1
3,89,save,2023-04-06,1
4,76,save,2023-02-07,1
2,96,view,2023-09-15,1
13,68,save,2023-10-03,1
24,96,like,2023-11-29,1
88,64,save,2023-12-11,1
87,48,like,2023-10-20,1
37,100,contact,2023-06-21,1
12,63,view,2023-08-06,1
28,1,save,2023-03-24,1
65,95,save,2023-12-11,1
50,34,save,2023-12-28,1
21,2,contact,2023-12-21,1
98,62,view,2023-11-01,1
38,86,contact,2023-06-28,1
38,1,view,2023-07-10,1
51,1,contact,2023-10-30,1
2,47,like,2023-03-03,1
5,64,contact,2023-12-23,1
5,78,like,2023-06-06,1
42,33,contact,2023-01-09,1
86,35,like,2023-10-22,1
50,39,like,2023-05-25,1
69,76,contact,2023-10-31,1
31,3,save,2023-01-14,1
59,77,save,2023-07-12,1
97,12,contact,2023-12-25,1
100,45,like,2023-12-10,1
78,18,save,2023-04-12,1
35,40,view,2023-12-15,1
36,50,view,2023-11-06,1
44,82,save,2023-12-16,1
52,72,contact,2023-10-24,1
77,76,contact,2023-07-25,1
4,22,contact,2023-04-17,1
20,84,contact,2023-08-21,1
50,16,save,2023-07-07,1
91,44,contact,2023-09-29,1
83,60,save,2023-09-03,1
25,40,contact,2023-08-15,1
94,16,contact,2023-10-25,1
28,54,view,2023-06-04,1
12,53,view,2023-02-23,1
9,41,like,2023-11-03,1
32,19,view,2023-03-31,1
40,53,view,2023-09-14,1
96,60,contact,2023-08-19,1
37,16,save,2023-08-15,1
33,69,save,2023-04-11,1
49,89,save,2023-04-06,1
17,74,contact,2023-11-24,1
89,30,save,2023-11-02,1
76,32,save,2023-01-13,1
64,89,contact,2023-01-22,1
83,65,contact,2023-12-13,1
49,30,view,2023-12-09,1
32,51,save,2023-01-28,1
16,47,like,2023-02-22,1
72,91,save,2023-09-21,1
81,80,save,2023-05-22,1
54,62,like,2023-03-11,1
33,90,like,2023-09-24,1
16,82,save,2023-07-31,1
69,3,view,2023-05-19,1
57,38,like,2023-12-20,1
87,73,like,2023-10-26,1
26,98,save,2023-12-04,1
94,61,like,2023-08-20,1
41,76,contact,2023-01-28,1
7,32,view,2023-11-02,1
80,60,save,2023-08-17,1
89,47,view,2023-06-12,1
32,74,save,2023-05-11,1
62,80,save,2023-04-06,1
73,76,save,2023-07-09,1
47,6,save,2023-01-30,1
77,23,like,2023-10-11,1
11,13,view,2023-02-26,1
38,95,save,2023-09-22,1
7,33,view,2023-01-30,1
91,87,like,2023-05-25,1
95,52,like,2023-10-23,1
91,39,contact,2023-09-02,1
29,73,like,2023-10-27,1
49,39,save,2023-10-08,1
22,75,like,2023-07-15,1
49,78,save,2023-07-12,1
44,90,contact,2023-09-06,1
1,57,like,2023-11-22,1
97,48,contact,2023-04-19,1
67,23,save,2023-06-15,1
96,23,like,2023-07-31,1
81,88,save,2023-03-08,1
79,18,like,2023-01-07,1
58,74,like,2023-12-27,1
14,52,like,2023-10-13,1
18,66,view,2023-01-30,1
88,17,contact,2023-09-23,1
54,38,save,2023-07-17,1
93,21,view,2023-10-07,1
48,73,view,2023-04-24,1
96,49,like,2023-12-26,1
57,75,like,2023-03-09,1
24,92,like,2023-12-29,1
59,11,save,2023-12-03,1
99,27,save,2023-05-30,1
17,6,like,2023-11-14,1
1,62,contact,2023-03-28,1
80,63,save,2023-10-06,1
86,12,contact,2023-10-17,1
11,66,view,2023-10-10,1
10,87,view,2023-05-20,1
88,27,save,2023-05-05,1
40,17,save,2023-06-20,1
20,95,contact,2023-02-19,1
91,73,contact,2023-12-07,1
40,28,save,2023-10-30,1
14,27,view,2023-10-29,1
96,60,view,2023-08-27,1
36,93,contact,2023-09-01,1
49,52,save,2023-08-02,1
72,67,like,2023-08-12,1
24,17,contact,2023-01-30,1
13,90,view,2023-02-05,1
72,86,contact,2023-10-12,1
78,48,view,2023-03-23,1
94,37,contact,2023-03-05,1
18,49,contact,2023-07-24,1
74,55,view,2023-09-23,1
76,66,view,2023-02-26,1
75,95,contact,2023-02-16,1
12,74,view,2023-05-30,1
76,23,contact,2023-12-21,1
88,68,view,2023-10-15,1
10,26,contact,2023-10-17,1
93,75,like,2023-05-16,1
44,31,view,2023-08-07,1
16,29,contact,2023-01-28,1
49,51,view,2023-07-31,1
89,55,like,2023-11-13,1
40,48,view,2023-07-14,1
65,94,save,2023-06-28,1
76,3,contact,2023-07-14,1
32,80,save,2023-04-17,1
35,54,contact,2023-02-06,1
22,14,save,2023-06-23,1
31,21,view,2023-03-15,1
18,43,contact,2023-10-07,1
41,59,like,2023-03-31,1
44,60,save,2023-10-11,1
59,56,like,2023-04-10,1
33,22,save,2023-09-05,1
57,78,like,2023-08-18,1
65,33,view,2023-10-28,1
68,22,save,2023-03-07,1
99,13,contact,2023-11-21,1
31,94,view,2023-05-04,1
28,89,like,2023-05-30,1
17,67,save,2023-01-09,1
21,87,save,2023-02-08,1
93,43,like,2023-07-10,1
51,27,save,2023-08-15,1
84,48,view,2023-06-16,1
27,9,save,2023-11-30,1
32,71,view,2023-08-19,1
40,49,save,2023-10-22,1
12,16,save,2023-03-30,1
91,86,like,2023-08-09,1
15,7,contact,2023-07-25,1
67,73,view,2023-09-01,1
8,6,contact,2023-03-28,1
69,30,contact,2023-03-06,1
36,6,contact,2023-11-06,1
41,47,contact,2023-11-11,1
77,68,save,2023-06-14,1
28,79,like,2023-05-09,1
46,43,like,2023-07-16,1
71,71,contact,2023-10-25,1
38,79,like,2023-12-18,1
16,64,contact,2023-06-21,1
51,17,save,2023-12-22,1
94,47,save,2023-01-30,1
57,89,view,2023-08-19,1
57,19,contact,2023-02-10,1
24,41,view,2023-05-08,1
97,35,like,2023-11-26,1
52,56,like,2023-12-01,1
7,31,view,2023-09-26,1
5,8,like,2023-05-02,1
14,29,save,2023-08-12,1
31,55,contact,2023-06-05,1
80,52,contact,2023-09-29,1
70,75,view,2023-12-03,1
10,21,save,2023-05-04,1
48,1,save,2023-11-04,1
51,59,view,2023-12-27,1
14,32,view,2023-02-10,1
82,88,save,2023-08-25,1
53,49,contact,2023-05-31,1
72,61,like,2023-09-02,1
7,20,contact,2023-10-16,1
35,20,view,2023-01-23,1
6,60,save,2023-08-03,1
47,39,view,2023-01-07,1
35,33,like,2023-06-27,1
54,45,like,2023-04-30,1
11,59,view,2023-09-06,1
67,4,view,2023-05-15,1
93,96,contact,2023-02-16,1
79,61,like,2023-05-14,1
42,82,view,2023-04-11,1
72,83,contact,2023-08-28,1
72,42,contact,2023-08-29,1
84,61,view,2023-02-06,1
78,87,save,2023-10-06,1
81,70,contact,2023-03-20,1
31,53,contact,2023-03-22,1
40,51,view,2023-04-05,1
22,64,save,2023-09-23,1
76,84,like,2023-06-30,1
16,65,view,2023-03-24,1
19,53,like,2023-02-07,1
89,53,like,2023-04-16,1
82,4,contact,2023-12-06,1
91,83,like,2023-11-05,1
90,5,contact,2023-03-27,1
75,94,like,2023-07-20,1
47,88,view,2023-08-23,1
91,50,contact,2023-04-20,1
4,11,save,2023-02-09,1
55,97,contact,2023-06-26,1
59,51,like,2023-06-30,1
39,14,contact,2023-02-16,1
41,14,save,2023-11-27,1
27,41,like,2023-02-25,1
37,17,view,2023-07-21,1
74,84,view,2023-05-01,1
25,99,save,2023-06-21,1
37,79,save,2023-05-05,1
80,69,contact,2023-07-20,1
82,13,contact,2023-03-23,1
94,73,contact,2023-12-12,1
95,70,save,2023-03-23,1
22,26,like,2023-09-22,1
54,26,like,2023-04-14,1
20,20,save,2023-12-14,1
52,21,contact,2023-03-24,1
21,67,contact,2023-06-25,1
2,33,contact,2023-02-15,1
21,53,like,2023-08-26,1
17,71,view,2023-10-20,1
92,4,view,2024-01-01,1
14,85,contact,2023-03-11,1
37,95,view,2023-10-24,1
29,64,view,2023-11-12,1
94,98,like,2023-10-20,1
33,54,contact,2023-01-15,1
19,87,view,2023-10-09,1
80,57,contact,2023-01-29,1
26,34,save,2023-06-05,1
45,14,view,2023-12-29,1
64,75,view,2023-11-17,1
21,12,view,2023-04-03,1
4,97,contact,2023-06-30,1
10,27,like,2023-06-02,1
16,27,like,2023-08-07,1
21,50,save,2023-01-16,1
80,41,contact,2023-02-08,1
61,6,save,2023-05-29,1
92,47,view,2023-11-15,1
65,2,save,2023-07-01,1
73,44,save,2023-04-10,1
87,14,like,2023-10-24,1
25,8,save,2023-06-29,1
23,62,save,2023-10-09,1
66,62,like,2023-10-03,1
20,47,like,2023-01-02,1
76,48,view,2023-08-08,1
35,89,view,2023-02-13,1
84,44,contact,2023-08-05,1
36,66,like,2023-11-05,1
70,4,like,2023-11-15,1
93,29,like,2023-10-25,1
7,79,save,2023-01-17,1
60,44,contact,2023-05-09,1
29,68,contact,2023-01-13,1
14,90,view,2023-10-19,1
33,81,like,2023-04-15,1
54,20,like,2023-03-04,1
89,85,like,2023-07-16,1
22,7,view,2023-03-19,1
2,53,contact,2023-06-10,1
22,94,view,2023-06-06,1
37,78,save,2023-12-21,1
6,6,save,2023-04-08,1
47,55,like,2023-10-25,1
12,66,contact,2023-09-18,1
59,51,contact,2023-08-31,1
39,38,save,2023-03-29,1
75,52,like,2023-12-23,1
18,42,save,2023-10-09,1
85,98,save,2023-02-20,1
42,77,contact,2023-02-03,1
40,68,like,2023-06-23,1
19,53,view,2023-10-17,1
64,29,like,2023-07-15,1
70,23,view,2023-09-26,1
20,37,contact,2023-11-18,1
30,75,contact,2023-10-20,1
21,51,like,2023-04-20,1
7,44,like,2023-05-03,1
33,2,save,2023-04-03,1
68,61,like,2023-03-24,1
98,50,view,2023-02-24,1
75,81,view,2023-07-12,1
33,36,like,2023-06-22,1
60,47,save,2023-11-08,1
56,34,view,2023-03-29,1
64,58,like,2023-08-17,1
97,80,save,2023-06-01,1
98,38,save,2023-05-08,1
44,53,save,2023-01-01,1
99,60,like,2023-08-10,1
11,62,contact,2023-06-16,1
27,58,like,2023-03-11,1
64,38,view,2023-04-09,1
37,24,save,2023-11-29,1
15,5,like,2023-01-23,1
60,98,like,2023-04-29,1
67,68,save,2023-06-08,1
19,66,contact,2023-05-14,1
72,31,contact,2023-02-10,1
8,49,contact,2023-12-11,1
66,26,contact,2023-04-25,1
18,3,contact,2023-04-04,1
47,5,view,2023-04-07,1
55,45,contact,2023-08-12,1
80,92,save,2023-06-18,1
95,43,view,2023-08-05,1
73,32,save,2023-09-26,1
18,77,save,2023-08-03,1
85,60,view,2023-06-17,1
17,9,view,2023-04-08,1
19,30,save,2023-11-18,1
69,60,contact,2023-01-10,1
28,42,view,2023-05-13,1
43,15,like,2023-12-07,1
12,22,save,2023-07-30,1
25,81,view,2023-03-21,1
84,22,like,2023-01-25,1
92,32,contact,2023-06-13,1
96,2,save,2023-10-13,1
89,61,contact,2023-06-29,1
78,22,view,2023-02-19,1
5,31,save,2023-08-16,1
77,1,like,2023-09-19,1
53,36,save,2023-03-22,1
21,6,like,2023-05-23,1
56,94,like,2023-03-27,1
70,40,save,2023-04-03,1
31,82,view,2023-04-15,1
44,33,like,2023-02-26,1
95,81,save,2023-01-07,1
91,96,contact,2023-04-09,1
17,94,like,2023-02-13,1
77,85,contact,2023-10-27,1
49,72,view,2023-10-30,1
27,62,view,2023-10-16,1
1,26,contact,2023-04-11,1
85,70,like,2023-06-30,1
43,24,like,2023-12-17,1
17,16,view,2023-09-26,1
30,73,save,2023-01-12,1
77,57,like,2023-02-21,1
49,87,save,2023-08-04,1
34,36,view,2023-03-18,1
6,22,view,2023-07-15,1
35,96,view,2023-12-15,1
72,79,like,2023-01-28,1
15,38,like,2023-04-16,1
6,32,view,2023-11-17,1
88,54,contact,2023-07-03,1
79,100,save,2023-11-23,1
16,21,contact,2023-05-20,1
44,60,save,2023-08-23,1
38,8,contact,2023-12-09,1
86,72,like,2023-01-08,1
9,5,like,2023-08-28,1
94,40,contact,2023-12-03,1
79,28,contact,2023-01-28,1
72,41,view,2023-12-05,1
31,13,like,2023-03-30,1
5,81,view,2023-04-05,1
56,57,like,2023-12-11,1
29,81,contact,2023-04-19,1
86,34,contact,2023-01-26,1
62,71,like,2023-11-30,1
89,76,contact,2023-10-22,1
12,79,save,2023-12-04,1
72,21,save,2023-07-25,1
11,71,contact,2023-05-17,1
92,15,contact,2023-04-25,1
83,34,like,2023-01-03,1
30,35,like,2023-07-08,1
36,29,view,2023-01-20,1
