user_id,name,email
1,Nisha Das,nisha.das@example.com
2,Priya Patel,priya.patel@example.com
3,Leela Iyer,leela.iyer@example.com
4,Kavya Chowdhury,kavya.chowdhury@example.com
5,Rohan Iyer,rohan.iyer@example.com
6,Arjun Bose,arjun.bose@example.com
7,Pooja Kumar,pooja.kumar@example.com
8,Manoj Sharma,manoj.sharma@example.com
9,Rahul Nair,rahul.nair@example.com
10,Kavya Gupta,kavya.gupta@example.com
11,Sneha Patel,sneha.patel@example.com
12,Leela Bose,leela.bose@example.com
13,Manoj Yadav,manoj.yadav@example.com
14,Karthik Kumar,karthik.kumar@example.com
15,Karthik Yadav,karthik.yadav@example.com
16,Diya Singh,diya.singh@example.com
17,Manoj Nair,manoj.nair@example.com
18,Arjun Bose,arjun.bose@example.com
19,Ananya Singh,ananya.singh@example.com
20,Priya Chopra,priya.chopra@example.com
21,Pooja Bose,pooja.bose@example.com
22,Ananya Chopra,ananya.chopra@example.com
23,Diya Reddy,diya.reddy@example.com
24,Rahul Patel,rahul.patel@example.com
25,Kavya Rao,kavya.rao@example.com
26,Vikram Mishra,vikram.mishra@example.com
27,Diya Gupta,diya.gupta@example.com
28,Pooja Das,pooja.das@example.com
29,Sneha Gupta,sneha.gupta@example.com
30,Nisha Iyer,nisha.iyer@example.com
31,Meera Mehta,meera.mehta@example.com
32,Aarav Menon,aarav.menon@example.com
33,Priya Gupta,priya.gupta@example.com
34,Sanya Chopra,sanya.chopra@example.com
35,Diya Ghosh,diya.ghosh@example.com
36,Sanya Nair,sanya.nair@example.com
37,Kavya Das,kavya.das@example.com
38,Rahul Patel,rahul.patel@example.com
39,Vikram Rao,vikram.rao@example.com
40,Manoj Gupta,manoj.gupta@example.com
41,Kavya Menon,kavya.menon@example.com
42,Pooja Gupta,pooja.gupta@example.com
43,Pooja Rao,pooja.rao@example.com
44,Varun Gupta,varun.gupta@example.com
45,Meera Das,meera.das@example.com
46,Priya Chopra,priya.chopra@example.com
47,Vikram Chopra,vikram.chopra@example.com
48,Meera Patel,meera.patel@example.com
49,Sneha Pillai,sneha.pillai@example.com
50,Ananya Chopra,ananya.chopra@example.com
51,Kavya Verma,kavya.verma@example.com
52,Sanya Yadav,sanya.yadav@example.com
53,Ishaan Chopra,ishaan.chopra@example.com
54,Karthik Menon,karthik.menon@example.com
55,Arjun Chopra,arjun.chopra@example.com
56,Siddharth Das,siddharth.das@example.com
57,Arjun Singh,arjun.singh@example.com
58,Kavya Das,kavya.das@example.com
59,Leela Singh,leela.singh@example.com
60,Rahul Yadav,rahul.yadav@example.com
61,Aarav Patel,aarav.patel@example.com
62,Siddharth Mehta,siddharth.mehta@example.com
63,Pooja Mishra,pooja.mishra@example.com
64,Rohan Singh,rohan.singh@example.com
65,Meera Mishra,meera.mishra@example.com
66,Pooja Pillai,pooja.pillai@example.com
67,Pooja Patel,pooja.patel@example.com
68,Nisha Verma,nisha.verma@example.com
69,Kavya Rao,kavya.rao@example.com
70,Priya Chowdhury,priya.chowdhury@example.com
71,Meera Chopra,meera.chopra@example.com
72,Diya Mishra,diya.mishra@example.com
73,Rohan Nair,rohan.nair@example.com
74,Sneha Gupta,sneha.gupta@example.com
75,Sanya Reddy,sanya.reddy@example.com
76,Sneha Yadav,sneha.yadav@example.com
77,Varun Ghosh,varun.ghosh@example.com
78,Arjun Patel,arjun.patel@example.com
79,Rahul Mehta,rahul.mehta@example.com
80,Karthik Verma,karthik.verma@example.com
81,Aarav Bose,aarav.bose@example.com
82,Siddharth Nair,siddharth.nair@example.com
83,Meera Nair,meera.nair@example.com
84,Arjun Reddy,arjun.reddy@example.com
85,Siddharth Pillai,siddharth.pillai@example.com
86,Priya Mehta,priya.mehta@example.com
87,Leela Kumar,leela.kumar@example.com
88,Aarav Menon,aarav.menon@example.com
89,Leela Mehta,leela.mehta@example.com
90,Sneha Gupta,sneha.gupta@example.com
91,Priya Gupta,priya.gupta@example.com
92,Nisha Ghosh,nisha.ghosh@example.com
93,Manoj Sharma,manoj.sharma@example.com
94,Vikram Pillai,vikram.pillai@example.com
95,Meera Mehta,meera.mehta@example.com
96,Pooja Singh,pooja.singh@example.com
97,Rohan Chowdhury,rohan.chowdhury@example.com
98,Aarav Patel,aarav.patel@example.com
99,Rahul Mishra,rahul.mishra@example.com
100,Vikram Sharma,vikram.sharma@example.com
